login,password,table,token
testre,testre,!SJjYCOFyCntVISOfdE,MDAyMGxvY2F0aW9uIG1hdHJpeC5hbGxtZW5kZS5pbwowMDEzaWRlbnRpZmllciBrZXkKMDAxMGNpZCBnZW4gPSAxCjAwMmVjaWQgdXNlcl9pZCA9IEB0ZXN0cmVzOm1hdHJpeC5hbGxtZW5kZS5pbwowMDE2Y2lkIHR5cGUgPSBhY2Nlc3MKMDAxZGNpZCB0aW1lIDwgMTQ2OTAwNzk0MDE0OQowMDJmc2lnbmF0dXJlIGRUE9vAYQhJCFwcIjajtpnnAIZIE4Gg2KR7SbMhPMvJCg
testre,testre,!obCWBeWbwiXXdAlRfb,MDAyMGxvY2F0aW9uIG1hdHJpeC5hbGxtZW5kZS5pbwowMDEzaWRlbnRpZmllciBrZXkKMDAxMGNpZCBnZW4gPSAxCjAwMmVjaWQgdXNlcl9pZCA9IEB0ZXN0cmVzOm1hdHJpeC5hbGxtZW5kZS5pbwowMDE2Y2lkIHR5cGUgPSBhY2Nlc3MKMDAxZGNpZCB0aW1lIDwgMTQ2OTAwNzk0MDE0OQowMDJmc2lnbmF0dXJlIGRUE9vAYQhJCFwcIjajtpnnAIZIE4Gg2KR7SbMhPMvJCg
testre,testre,!BguoPEFnRCCGFiqZmQ,MDAyMGxvY2F0aW9uIG1hdHJpeC5hbGxtZW5kZS5pbwowMDEzaWRlbnRpZmllciBrZXkKMDAxMGNpZCBnZW4gPSAxCjAwMmVjaWQgdXNlcl9pZCA9IEB0ZXN0cmVzOm1hdHJpeC5hbGxtZW5kZS5pbwowMDE2Y2lkIHR5cGUgPSBhY2Nlc3MKMDAxZGNpZCB0aW1lIDwgMTQ2OTAwNzk0MDE0OQowMDJmc2lnbmF0dXJlIGRUE9vAYQhJCFwcIjajtpnnAIZIE4Gg2KR7SbMhPMvJCg
testre,testre,!hqXuGUsZHTozaPhkQN,MDAyMGxvY2F0aW9uIG1hdHJpeC5hbGxtZW5kZS5pbwowMDEzaWRlbnRpZmllciBrZXkKMDAxMGNpZCBnZW4gPSAxCjAwMmVjaWQgdXNlcl9pZCA9IEB0ZXN0cmVzOm1hdHJpeC5hbGxtZW5kZS5pbwowMDE2Y2lkIHR5cGUgPSBhY2Nlc3MKMDAxZGNpZCB0aW1lIDwgMTQ2OTAwNzk0MDE0OQowMDJmc2lnbmF0dXJlIGRUE9vAYQhJCFwcIjajtpnnAIZIE4Gg2KR7SbMhPMvJCg
testre,testre,!tNqiPrvFQtWDYOfjIv,MDAyMGxvY2F0aW9uIG1hdHJpeC5hbGxtZW5kZS5pbwowMDEzaWRlbnRpZmllciBrZXkKMDAxMGNpZCBnZW4gPSAxCjAwMmVjaWQgdXNlcl9pZCA9IEB0ZXN0cmVzOm1hdHJpeC5hbGxtZW5kZS5pbwowMDE2Y2lkIHR5cGUgPSBhY2Nlc3MKMDAxZGNpZCB0aW1lIDwgMTQ2OTAwNzk0MDE0OQowMDJmc2lnbmF0dXJlIGRUE9vAYQhJCFwcIjajtpnnAIZIE4Gg2KR7SbMhPMvJCg
testre,testre,!zUEjTjgRLMlQpSNHpT,MDAyMGxvY2F0aW9uIG1hdHJpeC5hbGxtZW5kZS5pbwowMDEzaWRlbnRpZmllciBrZXkKMDAxMGNpZCBnZW4gPSAxCjAwMmVjaWQgdXNlcl9pZCA9IEB0ZXN0cmVzOm1hdHJpeC5hbGxtZW5kZS5pbwowMDE2Y2lkIHR5cGUgPSBhY2Nlc3MKMDAxZGNpZCB0aW1lIDwgMTQ2OTAwNzk0MDE0OQowMDJmc2lnbmF0dXJlIGRUE9vAYQhJCFwcIjajtpnnAIZIE4Gg2KR7SbMhPMvJCg
test456,test456,!ICILykqKwZymsKPdZJ,MDAyMGxvY2F0aW9uIG1hdHJpeC5hbGxtZW5kZS5pbwowMDEzaWRlbnRpZmllciBrZXkKMDAxMGNpZCBnZW4gPSAxCjAwMmVjaWQgdXNlcl9pZCA9IEB0ZXN0NDU2Om1hdHJpeC5hbGxtZW5kZS5pbwowMDE2Y2lkIHR5cGUgPSBhY2Nlc3MKMDAxZGNpZCB0aW1lIDwgMTQ2ODkzMDYzMTEzMgowMDJmc2lnbmF0dXJlIM43c91RBwkw_4i8PvwfN1wkjoPIEuR2oTWybK69ElVeCg
test456,test456,!lQqCphFTEJeHMxBGip,MDAyMGxvY2F0aW9uIG1hdHJpeC5hbGxtZW5kZS5pbwowMDEzaWRlbnRpZmllciBrZXkKMDAxMGNpZCBnZW4gPSAxCjAwMmVjaWQgdXNlcl9pZCA9IEB0ZXN0NDU2Om1hdHJpeC5hbGxtZW5kZS5pbwowMDE2Y2lkIHR5cGUgPSBhY2Nlc3MKMDAxZGNpZCB0aW1lIDwgMTQ2ODkzMDYzMTEzMgowMDJmc2lnbmF0dXJlIM43c91RBwkw_4i8PvwfN1wkjoPIEuR2oTWybK69ElVeCg
test01,test01,!OMCMkZmrfaMMlwZxRE,MDAyMGxvY2F0aW9uIG1hdHJpeC5hbGxtZW5kZS5pbwowMDEzaWRlbnRpZmllciBrZXkKMDAxMGNpZCBnZW4gPSAxCjAwMmRjaWQgdXNlcl9pZCA9IEB0ZXN0MDE6bWF0cml4LmFsbG1lbmRlLmlvCjAwMTZjaWQgdHlwZSA9IGFjY2VzcwowMDFkY2lkIHRpbWUgPCAxNDY4OTI5NzQ4MjYyCjAwMmZzaWduYXR1cmUg0sPxMBzITAj1Pw3yGtx1d6n-O67Jpb8uHVj646KXMM0K
test01,test01,!QcnvLgLoHYMfzHdHyt,MDAyMGxvY2F0aW9uIG1hdHJpeC5hbGxtZW5kZS5pbwowMDEzaWRlbnRpZmllciBrZXkKMDAxMGNpZCBnZW4gPSAxCjAwMmRjaWQgdXNlcl9pZCA9IEB0ZXN0MDE6bWF0cml4LmFsbG1lbmRlLmlvCjAwMTZjaWQgdHlwZSA9IGFjY2VzcwowMDFkY2lkIHRpbWUgPCAxNDY4OTI5NzQ4MjYyCjAwMmZzaWduYXR1cmUg0sPxMBzITAj1Pw3yGtx1d6n-O67Jpb8uHVj646KXMM0K
test01,test01,!cKlywZCqBBPNozltsp,MDAyMGxvY2F0aW9uIG1hdHJpeC5hbGxtZW5kZS5pbwowMDEzaWRlbnRpZmllciBrZXkKMDAxMGNpZCBnZW4gPSAxCjAwMmRjaWQgdXNlcl9pZCA9IEB0ZXN0MDE6bWF0cml4LmFsbG1lbmRlLmlvCjAwMTZjaWQgdHlwZSA9IGFjY2VzcwowMDFkY2lkIHRpbWUgPCAxNDY4OTI5NzQ4MjYyCjAwMmZzaWduYXR1cmUg0sPxMBzITAj1Pw3yGtx1d6n-O67Jpb8uHVj646KXMM0K
test01,test01,!hqXuGUsZHTozaPhkQN,MDAyMGxvY2F0aW9uIG1hdHJpeC5hbGxtZW5kZS5pbwowMDEzaWRlbnRpZmllciBrZXkKMDAxMGNpZCBnZW4gPSAxCjAwMmRjaWQgdXNlcl9pZCA9IEB0ZXN0MDE6bWF0cml4LmFsbG1lbmRlLmlvCjAwMTZjaWQgdHlwZSA9IGFjY2VzcwowMDFkY2lkIHRpbWUgPCAxNDY4OTI5NzQ4MjYyCjAwMmZzaWduYXR1cmUg0sPxMBzITAj1Pw3yGtx1d6n-O67Jpb8uHVj646KXMM0K
test01,test01,!lQqCphFTEJeHMxBGip,MDAyMGxvY2F0aW9uIG1hdHJpeC5hbGxtZW5kZS5pbwowMDEzaWRlbnRpZmllciBrZXkKMDAxMGNpZCBnZW4gPSAxCjAwMmRjaWQgdXNlcl9pZCA9IEB0ZXN0MDE6bWF0cml4LmFsbG1lbmRlLmlvCjAwMTZjaWQgdHlwZSA9IGFjY2VzcwowMDFkY2lkIHRpbWUgPCAxNDY4OTI5NzQ4MjYyCjAwMmZzaWduYXR1cmUg0sPxMBzITAj1Pw3yGtx1d6n-O67Jpb8uHVj646KXMM0K
test01,test01,!tNqiPrvFQtWDYOfjIv,MDAyMGxvY2F0aW9uIG1hdHJpeC5hbGxtZW5kZS5pbwowMDEzaWRlbnRpZmllciBrZXkKMDAxMGNpZCBnZW4gPSAxCjAwMmRjaWQgdXNlcl9pZCA9IEB0ZXN0MDE6bWF0cml4LmFsbG1lbmRlLmlvCjAwMTZjaWQgdHlwZSA9IGFjY2VzcwowMDFkY2lkIHRpbWUgPCAxNDY4OTI5NzQ4MjYyCjAwMmZzaWduYXR1cmUg0sPxMBzITAj1Pw3yGtx1d6n-O67Jpb8uHVj646KXMM0K
test01,test01,!ICILykqKwZymsKPdZJ,MDAyMGxvY2F0aW9uIG1hdHJpeC5hbGxtZW5kZS5pbwowMDEzaWRlbnRpZmllciBrZXkKMDAxMGNpZCBnZW4gPSAxCjAwMmRjaWQgdXNlcl9pZCA9IEB0ZXN0MDE6bWF0cml4LmFsbG1lbmRlLmlvCjAwMTZjaWQgdHlwZSA9IGFjY2VzcwowMDFkY2lkIHRpbWUgPCAxNDY4OTI5NzQ4MjYyCjAwMmZzaWduYXR1cmUg0sPxMBzITAj1Pw3yGtx1d6n-O67Jpb8uHVj646KXMM0K
test01,test01,!TbJgUiyFRYMciQcqKq,MDAyMGxvY2F0aW9uIG1hdHJpeC5hbGxtZW5kZS5pbwowMDEzaWRlbnRpZmllciBrZXkKMDAxMGNpZCBnZW4gPSAxCjAwMmRjaWQgdXNlcl9pZCA9IEB0ZXN0MDE6bWF0cml4LmFsbG1lbmRlLmlvCjAwMTZjaWQgdHlwZSA9IGFjY2VzcwowMDFkY2lkIHRpbWUgPCAxNDY4OTI5NzQ4MjYyCjAwMmZzaWduYXR1cmUg0sPxMBzITAj1Pw3yGtx1d6n-O67Jpb8uHVj646KXMM0K
test01,test01,!cAHywkDJLVrAYkSeES,MDAyMGxvY2F0aW9uIG1hdHJpeC5hbGxtZW5kZS5pbwowMDEzaWRlbnRpZmllciBrZXkKMDAxMGNpZCBnZW4gPSAxCjAwMmRjaWQgdXNlcl9pZCA9IEB0ZXN0MDE6bWF0cml4LmFsbG1lbmRlLmlvCjAwMTZjaWQgdHlwZSA9IGFjY2VzcwowMDFkY2lkIHRpbWUgPCAxNDY4OTI5NzQ4MjYyCjAwMmZzaWduYXR1cmUg0sPxMBzITAj1Pw3yGtx1d6n-O67Jpb8uHVj646KXMM0K
test01,test01,!obCWBeWbwiXXdAlRfb,MDAyMGxvY2F0aW9uIG1hdHJpeC5hbGxtZW5kZS5pbwowMDEzaWRlbnRpZmllciBrZXkKMDAxMGNpZCBnZW4gPSAxCjAwMmRjaWQgdXNlcl9pZCA9IEB0ZXN0MDE6bWF0cml4LmFsbG1lbmRlLmlvCjAwMTZjaWQgdHlwZSA9IGFjY2VzcwowMDFkY2lkIHRpbWUgPCAxNDY4OTI5NzQ4MjYyCjAwMmZzaWduYXR1cmUg0sPxMBzITAj1Pw3yGtx1d6n-O67Jpb8uHVj646KXMM0K
test01,test01,!vyPxQsMTRiQpGGdqlf,MDAyMGxvY2F0aW9uIG1hdHJpeC5hbGxtZW5kZS5pbwowMDEzaWRlbnRpZmllciBrZXkKMDAxMGNpZCBnZW4gPSAxCjAwMmRjaWQgdXNlcl9pZCA9IEB0ZXN0MDE6bWF0cml4LmFsbG1lbmRlLmlvCjAwMTZjaWQgdHlwZSA9IGFjY2VzcwowMDFkY2lkIHRpbWUgPCAxNDY4OTI5NzQ4MjYyCjAwMmZzaWduYXR1cmUg0sPxMBzITAj1Pw3yGtx1d6n-O67Jpb8uHVj646KXMM0K
test03,test03,!HUByaYKtNRtiUVsBRJ,MDAyMGxvY2F0aW9uIG1hdHJpeC5hbGxtZW5kZS5pbwowMDEzaWRlbnRpZmllciBrZXkKMDAxMGNpZCBnZW4gPSAxCjAwMmRjaWQgdXNlcl9pZCA9IEB0ZXN0MDM6bWF0cml4LmFsbG1lbmRlLmlvCjAwMTZjaWQgdHlwZSA9IGFjY2VzcwowMDFkY2lkIHRpbWUgPCAxNDY4OTI5ODE0MTYzCjAwMmZzaWduYXR1cmUgqPsvxSrw-jCqaiXImqTX8g2asmXOe5DVyvVJdMAf2soK
test03,test03,!zUEjTjgRLMlQpSNHpT,MDAyMGxvY2F0aW9uIG1hdHJpeC5hbGxtZW5kZS5pbwowMDEzaWRlbnRpZmllciBrZXkKMDAxMGNpZCBnZW4gPSAxCjAwMmRjaWQgdXNlcl9pZCA9IEB0ZXN0MDM6bWF0cml4LmFsbG1lbmRlLmlvCjAwMTZjaWQgdHlwZSA9IGFjY2VzcwowMDFkY2lkIHRpbWUgPCAxNDY4OTI5ODE0MTYzCjAwMmZzaWduYXR1cmUgqPsvxSrw-jCqaiXImqTX8g2asmXOe5DVyvVJdMAf2soK
test03,test03,!LoCeBNUHYBoMnoQjbX,MDAyMGxvY2F0aW9uIG1hdHJpeC5hbGxtZW5kZS5pbwowMDEzaWRlbnRpZmllciBrZXkKMDAxMGNpZCBnZW4gPSAxCjAwMmRjaWQgdXNlcl9pZCA9IEB0ZXN0MDM6bWF0cml4LmFsbG1lbmRlLmlvCjAwMTZjaWQgdHlwZSA9IGFjY2VzcwowMDFkY2lkIHRpbWUgPCAxNDY4OTI5ODE0MTYzCjAwMmZzaWduYXR1cmUgqPsvxSrw-jCqaiXImqTX8g2asmXOe5DVyvVJdMAf2soK
test03,test03,!wzbyPgcgfLYxttzlzG,MDAyMGxvY2F0aW9uIG1hdHJpeC5hbGxtZW5kZS5pbwowMDEzaWRlbnRpZmllciBrZXkKMDAxMGNpZCBnZW4gPSAxCjAwMmRjaWQgdXNlcl9pZCA9IEB0ZXN0MDM6bWF0cml4LmFsbG1lbmRlLmlvCjAwMTZjaWQgdHlwZSA9IGFjY2VzcwowMDFkY2lkIHRpbWUgPCAxNDY4OTI5ODE0MTYzCjAwMmZzaWduYXR1cmUgqPsvxSrw-jCqaiXImqTX8g2asmXOe5DVyvVJdMAf2soK
test03,test03,!zwyozuoFmlnfcMmZPt,MDAyMGxvY2F0aW9uIG1hdHJpeC5hbGxtZW5kZS5pbwowMDEzaWRlbnRpZmllciBrZXkKMDAxMGNpZCBnZW4gPSAxCjAwMmRjaWQgdXNlcl9pZCA9IEB0ZXN0MDM6bWF0cml4LmFsbG1lbmRlLmlvCjAwMTZjaWQgdHlwZSA9IGFjY2VzcwowMDFkY2lkIHRpbWUgPCAxNDY4OTI5ODE0MTYzCjAwMmZzaWduYXR1cmUgqPsvxSrw-jCqaiXImqTX8g2asmXOe5DVyvVJdMAf2soK
testres,testres,!SJjYCOFyCntVISOfdE,MDAyMGxvY2F0aW9uIG1hdHJpeC5hbGxtZW5kZS5pbwowMDEzaWRlbnRpZmllciBrZXkKMDAxMGNpZCBnZW4gPSAxCjAwMmVjaWQgdXNlcl9pZCA9IEB0ZXN0cmVzOm1hdHJpeC5hbGxtZW5kZS5pbwowMDE2Y2lkIHR5cGUgPSBhY2Nlc3MKMDAxZGNpZCB0aW1lIDwgMTQ2OTAwNzk0MDE0OQowMDJmc2lnbmF0dXJlIGRUE9vAYQhJCFwcIjajtpnnAIZIE4Gg2KR7SbMhPMvJCg
testres,testres,!obCWBeWbwiXXdAlRfb,MDAyMGxvY2F0aW9uIG1hdHJpeC5hbGxtZW5kZS5pbwowMDEzaWRlbnRpZmllciBrZXkKMDAxMGNpZCBnZW4gPSAxCjAwMmVjaWQgdXNlcl9pZCA9IEB0ZXN0cmVzOm1hdHJpeC5hbGxtZW5kZS5pbwowMDE2Y2lkIHR5cGUgPSBhY2Nlc3MKMDAxZGNpZCB0aW1lIDwgMTQ2OTAwNzk0MDE0OQowMDJmc2lnbmF0dXJlIGRUE9vAYQhJCFwcIjajtpnnAIZIE4Gg2KR7SbMhPMvJCg
testres,testres,!BguoPEFnRCCGFiqZmQ,MDAyMGxvY2F0aW9uIG1hdHJpeC5hbGxtZW5kZS5pbwowMDEzaWRlbnRpZmllciBrZXkKMDAxMGNpZCBnZW4gPSAxCjAwMmVjaWQgdXNlcl9pZCA9IEB0ZXN0cmVzOm1hdHJpeC5hbGxtZW5kZS5pbwowMDE2Y2lkIHR5cGUgPSBhY2Nlc3MKMDAxZGNpZCB0aW1lIDwgMTQ2OTAwNzk0MDE0OQowMDJmc2lnbmF0dXJlIGRUE9vAYQhJCFwcIjajtpnnAIZIE4Gg2KR7SbMhPMvJCg
testres,testres,!hqXuGUsZHTozaPhkQN,MDAyMGxvY2F0aW9uIG1hdHJpeC5hbGxtZW5kZS5pbwowMDEzaWRlbnRpZmllciBrZXkKMDAxMGNpZCBnZW4gPSAxCjAwMmVjaWQgdXNlcl9pZCA9IEB0ZXN0cmVzOm1hdHJpeC5hbGxtZW5kZS5pbwowMDE2Y2lkIHR5cGUgPSBhY2Nlc3MKMDAxZGNpZCB0aW1lIDwgMTQ2OTAwNzk0MDE0OQowMDJmc2lnbmF0dXJlIGRUE9vAYQhJCFwcIjajtpnnAIZIE4Gg2KR7SbMhPMvJCg
testres,testres,!tNqiPrvFQtWDYOfjIv,MDAyMGxvY2F0aW9uIG1hdHJpeC5hbGxtZW5kZS5pbwowMDEzaWRlbnRpZmllciBrZXkKMDAxMGNpZCBnZW4gPSAxCjAwMmVjaWQgdXNlcl9pZCA9IEB0ZXN0cmVzOm1hdHJpeC5hbGxtZW5kZS5pbwowMDE2Y2lkIHR5cGUgPSBhY2Nlc3MKMDAxZGNpZCB0aW1lIDwgMTQ2OTAwNzk0MDE0OQowMDJmc2lnbmF0dXJlIGRUE9vAYQhJCFwcIjajtpnnAIZIE4Gg2KR7SbMhPMvJCg
testres,testres,!zUEjTjgRLMlQpSNHpT,MDAyMGxvY2F0aW9uIG1hdHJpeC5hbGxtZW5kZS5pbwowMDEzaWRlbnRpZmllciBrZXkKMDAxMGNpZCBnZW4gPSAxCjAwMmVjaWQgdXNlcl9pZCA9IEB0ZXN0cmVzOm1hdHJpeC5hbGxtZW5kZS5pbwowMDE2Y2lkIHR5cGUgPSBhY2Nlc3MKMDAxZGNpZCB0aW1lIDwgMTQ2OTAwNzk0MDE0OQowMDJmc2lnbmF0dXJlIGRUE9vAYQhJCFwcIjajtpnnAIZIE4Gg2KR7SbMhPMvJCg
